Date,Type,Link
04/4/2021 16:12,LIKE,https://www.linkedin.com/feed/update/codecode%6%
04/04/2021 16:06,LIKE,https://www.linkedin.com/feed/update/codecode%6%
04/03/2021 18:48,LIKE,https://www.linkedin.com/feed/update/codecode%6%
04/03/2021 18:46,LIKE,https://www.linkedin.com/feed/update/codecode%6%
04/01/2021 17:22,LIKE,https://www.linkedin.com/feed/update/codecode%6%
04/01/2021 15:10,LIKE,https://www.linkedin.com/feed/update/codecode%6%
03/31/2021 17:37,LIKE,https://www.linkedin.com/feed/update/codecode%6%
03/31/2021 17:28,LIKE,https://www.linkedin.com/feed/update/codecode%6%
03/31/2021 17:27,LIKE,https://www.linkedin.com/feed/update/codecode%6%
03/31/2021 17:27,LIKE,https://www.linkedin.com/feed/update/codecode%6%
03/31/2021 16:35,LIKE,https://www.linkedin.com/feed/update/codecode%6%
03/30/2021 3:45,LIKE,https://www.linkedin.com/feed/update/codecode%6%
03/29/2021 18:07,LIKE,https://www.linkedin.com/feed/update/codecode%6%
03/29/2021 15:36,LIKE,https://www.linkedin.com/feed/update/codecode%6%
03/28/2021 21:16,LIKE,https://www.linkedin.com/feed/update/codecode%6%
03/28/2021 18:58,LIKE,https://www.linkedin.com/feed/update/codecode%6%
03/28/2021 18:51,LIKE,https://www.linkedin.com/feed/update/codecode%6%
03/28/2021 18:21,LIKE,https://www.linkedin.com/feed/update/codecode%6%
03/28/2021 17:39,LIKE,https://www.linkedin.com/feed/update/codecode%6%
03/28/2021 16:57,LIKE,https://www.linkedin.com/feed/update/codecode%6%
03/24/2021 17:36,LIKE,https://www.linkedin.com/feed/update/codecode%6%
03/23/2021 17:05,LIKE,https://www.linkedin.com/feed/update/codecode%6%
03/22/2021 19:16,LIKE,https://www.linkedin.com/feed/update/codecode%6%
03/22/2021 15:13,LIKE,https://www.linkedin.com/feed/update/codecode%6%
03/21/2021 14:58,LIKE,https://www.linkedin.com/feed/update/codecode%6%
03/21/2021 14:58,LIKE,https://www.linkedin.com/feed/update/codecode%6%
03/21/2021 12:49,LIKE,https://www.linkedin.com/feed/update/codecode%6%
03/19/2021 12:25,LIKE,https://www.linkedin.com/feed/update/codecode%6%
03/14/2021 20:52,LIKE,https://www.linkedin.com/feed/update/codecode%6%
03/13/2021 20:41,LIKE,https://www.linkedin.com/feed/update/codecode%6%
03/13/2021 20:40,LIKE,https://www.linkedin.com/feed/update/codecode%6%
03/13/2021 20:39,LIKE,https://www.linkedin.com/feed/update/codecode%6%
03/13/2021 16:13,LIKE,https://www.linkedin.com/feed/update/codecode%6%
03/11/2021 12:45,LIKE,https://www.linkedin.com/feed/update/codecode%6%
03/11/2021 12:44,LIKE,https://www.linkedin.com/feed/update/codecode%6%
03/10/2021 16:56,LIKE,https://www.linkedin.com/feed/update/codecode%6%
03/10/2021 16:33,LIKE,https://www.linkedin.com/feed/update/codecode%6%
03/09/2021 23:57,LIKE,https://www.linkedin.com/feed/update/codecode%6%
03/09/2021 23:57,LIKE,https://www.linkedin.com/feed/update/codecode%6%
03/09/2021 19:35,LIKE,https://www.linkedin.com/feed/update/codecode%6%
03/09/2021 17:44,LIKE,https://www.linkedin.com/feed/update/codecode%6%
03/06/2021 13:57,LIKE,https://www.linkedin.com/feed/update/codecode%6%
03/02/2021 02:31,LIKE,https://www.linkedin.com/feed/update/codecode%6%
02/25/2021 14:55,LIKE,https://www.linkedin.com/feed/update/codecode%6%
02/23/2021 16:38,LIKE,https://www.linkedin.com/feed/update/codecode%6%
02/23/2021 16:37,LIKE,https://www.linkedin.com/feed/update/codecode%6%
02/16/2021 18:53,LIKE,https://www.linkedin.com/feed/update/codecode%6%
02/15/2021 16:37,LIKE,https://www.linkedin.com/feed/update/codecode%6%
02/15/2021 15:45,LIKE,https://www.linkedin.com/feed/update/codecode%6%
02/15/2021 15:45,LIKE,https://www.linkedin.com/feed/update/codecode%6%
02/13/2021 13:27,LIKE,https://www.linkedin.com/feed/update/codecode%6%
02/12/2021 14:13,LIKE,https://www.linkedin.com/feed/update/codecode%6%
02/09/2021 11:58,LIKE,https://www.linkedin.com/feed/update/codecode%6%
02/09/2021 00:20,LIKE,https://www.linkedin.com/feed/update/codecode%6%
02/09/2021 00:19,LIKE,https://www.linkedin.com/feed/update/codecode%6%
02/08/2021 14:06,LIKE,https://www.linkedin.com/feed/update/codecode%6%
02/02/2021 22:16,LIKE,https://www.linkedin.com/feed/update/codecode%6%
01/29/2021 14:10,LIKE,https://www.linkedin.com/feed/update/codecode%6%
01/29/2021 5:51,LIKE,https://www.linkedin.com/feed/update/codecode%6%
01/26/2021 12:43,LIKE,https://www.linkedin.com/feed/update/codecode%6%
01/26/2021 12:42,LIKE,https://www.linkedin.com/feed/update/codecode%6%
01/24/2021 13:25,LIKE,https://www.linkedin.com/feed/update/codecode%6%
01/21/2021 14:04,LIKE,https://www.linkedin.com/feed/update/codecode%6%
01/15/2021 19:38,LIKE,https://www.linkedin.com/feed/update/codecode%6%
01/14/2021 18:32,LIKE,https://www.linkedin.com/feed/update/codecode%6%
01/14/2021 18:31,LIKE,https://www.linkedin.com/feed/update/codecode%6%
01/14/2021 12:01,LIKE,https://www.linkedin.com/feed/update/codecode%6%
01/14/2021 11:59,LIKE,https://www.linkedin.com/feed/update/codecode%6%
01/04/2021 16:42,LIKE,https://www.linkedin.com/feed/update/codecode%6%
12/31/2022 18:44,LIKE,https://www.linkedin.com/feed/update/codecode%6%
12/24/2022 20:12,LIKE,https://www.linkedin.com/feed/update/codecode%6%
12/11/2022 23:20,LIKE,https://www.linkedin.com/feed/update/codecode%6%
12/03/2022 18:36,LIKE,https://www.linkedin.com/feed/update/codecode%6%
12/03/2022 18:36,LIKE,https://www.linkedin.com/feed/update/codecode%6%
12/03/2022 03:07,LIKE,https://www.linkedin.com/feed/update/codecode%6%
12/03/2022 02:46,LIKE,https://www.linkedin.com/feed/update/codecode%6%
12/02/2022 21:41,LIKE,https://www.linkedin.com/feed/update/codecode%6%
12/02/2022 20:24,LIKE,https://www.linkedin.com/feed/update/codecode%6%
12/02/2022 01:42,LIKE,https://www.linkedin.com/feed/update/codecode%6%
12/01/2022 05:23,LIKE,https://www.linkedin.com/feed/update/codecode%6%
11/23/2022 18:49,LIKE,https://www.linkedin.com/feed/update/codecode%6%
11/17/2022 19:24,LIKE,https://www.linkedin.com/feed/update/codecode%6%
11/12/2022 23:07,LIKE,https://www.linkedin.com/feed/update/codecode%6%
11/11/2022 17:33,LIKE,https://www.linkedin.com/feed/update/codecode%6%
11/09/2022 03:09,EMPATHY,https://www.linkedin.com/feed/update/codecode%6%
11/06/2022 01:03,LIKE,https://www.linkedin.com/feed/update/codecode%6%
10/30/2022 17:01,LIKE,https://www.linkedin.com/feed/update/codecode%6%
10/30/2022 2:13,LIKE,https://www.linkedin.com/feed/update/codecode%6%
10/29/2022 17:20,LIKE,https://www.linkedin.com/feed/update/codecode%6%
10/28/2022 18:05,PRAISE,https://www.linkedin.com/feed/update/codecode%6%
10/27/2022 19:29,LIKE,https://www.linkedin.com/feed/update/codecode%6%
10/27/2022 13:58,LIKE,https://www.linkedin.com/feed/update/codecode%6%
10/27/2022 13:58,LIKE,https://www.linkedin.com/feed/update/codecode%6%
10/27/2022 13:58,LIKE,https://www.linkedin.com/feed/update/codecode%6%
10/27/2022 13:52,LIKE,https://www.linkedin.com/feed/update/codecode%6%
10/27/2022 11:53,LIKE,https://www.linkedin.com/feed/update/codecode%6%
10/20/2022 12:05,LIKE,https://www.linkedin.com/feed/update/codecode%6%
10/19/2022 18:06,LIKE,https://www.linkedin.com/feed/update/codecode%6%
10/15/2022 22:06,LIKE,https://www.linkedin.com/feed/update/codecode%6%
10/15/2022 22:06,LIKE,https://www.linkedin.com/feed/update/codecode%6%
10/12/2022 15:10,LIKE,https://www.linkedin.com/feed/update/codecode%6%
10/11/2022 22:39,LIKE,https://www.linkedin.com/feed/update/codecode%6%
10/11/2022 18:39,LIKE,https://www.linkedin.com/feed/update/codecode%6%
10/10/2022 13:56,LIKE,https://www.linkedin.com/feed/update/codecode%6%
10/10/2022 13:55,LIKE,https://www.linkedin.com/feed/update/codecode%6%
10/10/2022 12:25,LIKE,https://www.linkedin.com/feed/update/codecode%6%
10/07/2022 02:28,LIKE,https://www.linkedin.com/feed/update/codecode%6%
10/05/2022 19:44,LIKE,https://www.linkedin.com/feed/update/codecode%6%
09/24/2022 3:38,LIKE,https://www.linkedin.com/feed/update/codecode%6%
09/24/2022 1:27,LIKE,https://www.linkedin.com/feed/update/codecode%6%
09/22/2022 16:28,LIKE,https://www.linkedin.com/feed/update/codecode%6%
09/22/2022 2:39,LIKE,https://www.linkedin.com/feed/update/codecode%6%
09/17/2022 20:43,LIKE,https://www.linkedin.com/feed/update/codecode%6%
09/16/2022 17:27,LIKE,https://www.linkedin.com/feed/update/codecode%6%
09/16/2022 15:56,LIKE,https://www.linkedin.com/feed/update/codecode%6%
09/16/2022 15:56,LIKE,https://www.linkedin.com/feed/update/codecode%6%
09/09/2022 21:00,LIKE,https://www.linkedin.com/feed/update/codecode%6%
09/06/2022 12:10,LIKE,https://www.linkedin.com/feed/update/codecode%6%
08/31/2022 21:17,LIKE,https://www.linkedin.com/feed/update/codecode%6%
08/31/2022 5:24,LIKE,https://www.linkedin.com/feed/update/codecode%6%
08/27/2022 20:07,LIKE,https://www.linkedin.com/feed/update/codecode%6%
08/26/2022 14:57,LIKE,https://www.linkedin.com/feed/update/codecode%6%
08/23/2022 14:52,LIKE,https://www.linkedin.com/feed/update/codecode%6%
08/23/2022 13:56,EMPATHY,https://www.linkedin.com/feed/update/codecode%6%
08/22/2022 15:43,LIKE,https://www.linkedin.com/feed/update/codecode%6%
08/17/2022 14:39,LIKE,https://www.linkedin.com/feed/update/codecode%6%
08/12/2022 03:03,LIKE,https://www.linkedin.com/feed/update/codecode%6%
08/05/2022 13:03,LIKE,https://www.linkedin.com/feed/update/codecode%6%
08/03/2022 23:42,LIKE,https://www.linkedin.com/feed/update/codecode%6%
08/03/2022 15:37,LIKE,https://www.linkedin.com/feed/update/codecode%6%
07/28/2022 23:14,LIKE,https://www.linkedin.com/feed/update/codecode%6%
07/28/2022 18:23,LIKE,https://www.linkedin.com/feed/update/codecode%6%
07/25/2022 19:49,EMPATHY,https://www.linkedin.com/feed/update/codecode%6%
07/24/2022 22:35,LIKE,https://www.linkedin.com/feed/update/codecode%6%
07/24/2022 22:35,LIKE,https://www.linkedin.com/feed/update/codecode%6%
07/20/2022 15:29,LIKE,https://www.linkedin.com/feed/update/codecode%6%
07/20/2022 13:27,LIKE,https://www.linkedin.com/feed/update/codecode%6%
07/10/2022 22:29,LIKE,https://www.linkedin.com/feed/update/codecode%6%
07/05/2022 00:23,LIKE,https://www.linkedin.com/feed/update/codecode%6%
06/26/2022 2:30,LIKE,https://www.linkedin.com/feed/update/codecode%6%
06/23/2022 22:00,LIKE,https://www.linkedin.com/feed/update/codecode%6%
06/15/2022 17:47,EMPATHY,https://www.linkedin.com/feed/update/codecode%6%
06/04/2022 15:54,LIKE,https://www.linkedin.com/feed/update/codecode%6%
06/03/2022 21:14,LIKE,https://www.linkedin.com/feed/update/codecode%6%
05/31/2022 23:35,LIKE,https://www.linkedin.com/feed/update/codecode%6%
05/23/2022 15:54,LIKE,https://www.linkedin.com/feed/update/codecode%6%
05/20/2022 14:31,LIKE,https://www.linkedin.com/feed/update/codecode%6%
05/20/2022 14:30,LIKE,https://www.linkedin.com/feed/update/codecode%6%
05/13/2022 20:05,LIKE,https://www.linkedin.com/feed/update/codecode%6%
04/30/2022 0:51,LIKE,https://www.linkedin.com/feed/update/codecode%6%
04/12/2022 01:47,EMPATHY,https://www.linkedin.com/feed/update/codecode%6%
04/02/2022 18:51,LIKE,https://www.linkedin.com/feed/update/codecode%6%
03/07/2022 20:31,LIKE,https://www.linkedin.com/feed/update/codecode%6%
02/19/2022 18:51,LIKE,https://www.linkedin.com/feed/update/codecode%6%
02/19/2022 15:41,LIKE,https://www.linkedin.com/feed/update/codecode%6%
02/19/2022 14:13,LIKE,https://www.linkedin.com/feed/update/codecode%6%
02/19/2022 14:09,LIKE,https://www.linkedin.com/feed/update/codecode%6%
02/19/2022 4:52,LIKE,https://www.linkedin.com/feed/update/codecode%6%
02/12/2022 15:37,LIKE,https://www.linkedin.com/feed/update/codecode%6%
02/07/2022 19:03,LIKE,https://www.linkedin.com/feed/update/codecode%6%
02/07/2022 19:00,LIKE,https://www.linkedin.com/feed/update/codecode%6%
09/17/2023 23:23,LIKE,https://www.linkedin.com/feed/update/codecode%6%
09/17/2023 23:22,LIKE,https://www.linkedin.com/feed/update/codecode%6%
06/10/2023 16:31,LIKE,https://www.linkedin.com/feed/update/codecode%6%
05/20/2023 22:17,LIKE,https://www.linkedin.com/feed/update/codecode%6%
07/24/2023 0:42,LIKE,https://www.linkedin.com/feed/update/codecode%6%
06/06/2023 18:30,LIKE,https://www.linkedin.com/feed/update/codecode%6%
01/31/2023 0:35,LIKE,https://www.linkedin.com/feed/update/codecode%6%
08/12/2023 18:40,LIKE,https://www.linkedin.com/feed/update/codecode%6%
05/05/2023 23:59,LIKE,https://www.linkedin.com/feed/update/codecode%6%
04/21/2023 3:06,LIKE,https://www.linkedin.com/feed/update/codecode%6%
